Kraj;ChatGPT;Generative AI;OpenAI;AI;LLM;Claude;Gemini;Sora;Machine Learning;Blockchain;AR;Crypto;Quantum Computing;Cloud;AWS;Python;JavaScript;Go;Swift
Bhutan;;;;;;;;;;;;;;;;;;;
Vanuatu;;;;;;;;;;;;;;;;;;;
Wyspy Salomona;;;;;;;;;;;;;;;;;;;
Wallis i Futuna;;;;;;;;;;;;;;;;;;;
Kiribati;;;;;;;;;;;;;;;;;;;
Republika Zielonego Przylądka;;;;;;;;;;;;;;;;;;;
Fidżi;;;;;;;;;;;;;;;;;;;
Rwanda;;;;;;;;;;;;;;;;;;;
Madagaskar;;;;;;;;;;;;;;;;;;;
Botswana;;;;;;;;;;;;;;;;;;;
Sri Lanka;62%;<1%;<1%;38%;<1%;;;;;;;;;;;;;;
Tuvalu;;;;;;;;;;;;;;;;;;;
Namibia;;;;;;;;;;;;;;;;;;;
Ekwador;84%;<1%;<1%;16%;<1%;;;;;;;;;;;;;;
Samoa Amerykańskie;;;;;;;;;;;;;;;;;;;
Tonga;;;;;;;;;;;;;;;;;;;
Peru;84%;<1%;<1%;16%;<1%;;;;;;;;;;;;;;
Nepal;63%;<1%;<1%;37%;<1%;;;;;;;;;;;;;;
Filipiny;58%;<1%;<1%;42%;<1%;;;;;;;;;;;;;;
Kenia;66%;<1%;1%;33%;<1%;;;;;;;;;;;;;;
Pakistan;61%;<1%;<1%;39%;<1%;;;;;;;;;;;;;;
Samoa;;;;;;;;;;;;;;;;;;;
Dżibuti;;;;;;;;;;;;;;;;;;;
Panama;81%;<1%;<1%;19%;<1%;;;;;;;;;;;;;;
Somalia;;;;;;;;;;;;;;;;;;;
Malezja;66%;<1%;<1%;34%;<1%;;;;;;;;;;;;;;
Belize;;;;;;;;;;;;;;;;;;;
Mongolia;;;;;;;;;;;;;;;;;;;
Mjanma (Birma);53%;<1%;<1%;47%;<1%;;;;;;;;;;;;;;
Kosowo;;;;;;;;;;;;;;;;;;;
Tunezja;72%;<1%;1%;27%;<1%;;;;;;;;;;;;;;
Boliwia;77%;<1%;<1%;23%;<1%;;;;;;;;;;;;;;
Malediwy;;;;;;;;;;;;;;;;;;;
Salwador;82%;<1%;<1%;18%;<1%;;;;;;;;;;;;;;
Lesotho;;;;;;;;;;;;;;;;;;;
Zjednoczone Emiraty Arabskie;65%;<1%;1%;34%;<1%;;;;;;;;;;;;;;
Chiny;44%;<1%;6%;46%;4%;;;;;;;;;;;;;;
Uzbekistan;80%;<1%;1%;19%;<1%;;;;;;;;;;;;;;
Etiopia;50%;<1%;<1%;50%;<1%;;;;;;;;;;;;;;
Mauritius;;;;;;;;;;;;;;;;;;;
Albania;;;;;;;;;;;;;;;;;;;
Brunei;;;;;;;;;;;;;;;;;;;
Kostaryka;79%;<1%;<1%;21%;<1%;;;;;;;;;;;;;;
Liban;67%;<1%;1%;32%;<1%;;;;;;;;;;;;;;
Papua-Nowa Gwinea;;;;;;;;;;;;;;;;;;;
Maroko;67%;<1%;1%;32%;<1%;;;;;;;;;;;;;;
Timor Wschodni;;;;;;;;;;;;;;;;;;;
Bangladesz;58%;<1%;<1%;42%;<1%;;;;;;;;;;;;;;
Wyspy Świętego Tomasza i Książęca;;;;;;;;;;;;;;;;;;;
Kolumbia;82%;<1%;<1%;18%;<1%;;;;;;;;;;;;;;
Wyspy Cooka;;;;;;;;;;;;;;;;;;;
Gwatemala;85%;<1%;<1%;15%;<1%;;;;;;;;;;;;;;
Kambodża;56%;<1%;<1%;44%;<1%;;;;;;;;;;;;;;
Katar;65%;<1%;<1%;35%;<1%;;;;;;;;;;;;;;
Honduras;81%;<1%;<1%;19%;<1%;;;;;;;;;;;;;;
Seszele;;;;;;;;;;;;;;;;;;;
Saint Lucia;;;;;;;;;;;;;;;;;;;
Grenada;;;;;;;;;;;;;;;;;;;
Mozambik;;;;;;;;;;;;;;;;;;;
Dominikana;82%;<1%;<1%;18%;<1%;;;;;;;;;;;;;;
Dominika;;;;;;;;;;;;;;;;;;;
Surinam;;;;;;;;;;;;;;;;;;;
Palau;;;;;;;;;;;;;;;;;;;
Singapur;56%;<1%;2%;41%;1%;;;;;;;;;;;;;;
Tanzania;60%;<1%;1%;39%;<1%;;;;;;;;;;;;;;
Mikronezja;;;;;;;;;;;;;;;;;;;
Burundi;;;;;;;;;;;;;;;;;;;
Saint Vincent i Grenadyny;;;;;;;;;;;;;;;;;;;
Sahara Zachodnia;;;;;;;;;;;;;;;;;;;
Nikaragua;;;;;;;;;;;;;;;;;;;
Indie;56%;<1%;1%;43%;<1%;;;;;;;;;;;;;;
Benin;;;;;;;;;;;;;;;;;;;
Portugalia;73%;<1%;1%;26%;<1%;;;;;;;;;;;;;;
Angola;;;;;;;;;;;;;;;;;;;
Malta;;;;;;;;;;;;;;;;;;;
Mariany Północne;;;;;;;;;;;;;;;;;;;
Jamajka;;;;;;;;;;;;;;;;;;;
Bahrajn;;;;;;;;;;;;;;;;;;;
Saint Kitts i Nevis;;;;;;;;;;;;;;;;;;;
Republika Południowej Afryki;64%;<1%;1%;35%;<1%;;;;;;;;;;;;;;
Oman;63%;<1%;<1%;37%;<1%;;;;;;;;;;;;;;
Curaçao;;;;;;;;;;;;;;;;;;;
Niderlandy Karaibskie;;;;;;;;;;;;;;;;;;;
Anguilla;;;;;;;;;;;;;;;;;;;
Malawi;;;;;;;;;;;;;;;;;;;
Gujana;;;;;;;;;;;;;;;;;;;
Erytrea;;;;;;;;;;;;;;;;;;;
Eswatini;;;;;;;;;;;;;;;;;;;
Gibraltar;;;;;;;;;;;;;;;;;;;
Macedonia Północna;;;;;;;;;;;;;;;;;;;
Indonezja;43%;<1%;<1%;57%;<1%;;;;;;;;;;;;;;
Komory;;;;;;;;;;;;;;;;;;;
Afganistan;;;;;;;;;;;;;;;;;;;
Liechtenstein;;;;;;;;;;;;;;;;;;;
Paragwaj;75%;<1%;1%;24%;<1%;;;;;;;;;;;;;;
Azerbejdżan;73%;<1%;<1%;27%;<1%;;;;;;;;;;;;;;
Liberia;;;;;;;;;;;;;;;;;;;
Antigua i Barbuda;;;;;;;;;;;;;;;;;;;
Senegal;;;;;;;;;;;;;;;;;;;
Togo;;;;;;;;;;;;;;;;;;;
Algieria;65%;<1%;<1%;35%;<1%;;;;;;;;;;;;;;
Zimbabwe;;;;;;;;;;;;;;;;;;;
Chile;77%;<1%;1%;22%;<1%;;;;;;;;;;;;;;
Tajwan;59%;<1%;1%;39%;1%;;;;;;;;;;;;;;
Portoryko;;;;;;;;;;;;;;;;;;;
Urugwaj;77%;<1%;1%;22%;<1%;;;;;;;;;;;;;;
Wyspy Marshalla;;;;;;;;;;;;;;;;;;;
Sudan Południowy;;;;;;;;;;;;;;;;;;;
Luksemburg;;;;;;;;;;;;;;;;;;;
Ghana;52%;<1%;2%;46%;<1%;;;;;;;;;;;;;;
Meksyk;78%;<1%;<1%;22%;<1%;;;;;;;;;;;;;;
Sierra Leone;;;;;;;;;;;;;;;;;;;
Brazylia;74%;<1%;1%;25%;<1%;;;;;;;;;;;;;;
Armenia;;;;;;;;;;;;;;;;;;;
Trynidad i Tobago;;;;;;;;;;;;;;;;;;;
Hiszpania;77%;<1%;2%;21%;<1%;;;;;;;;;;;;;;
Cypr;;;;;;;;;;;;;;;;;;;
Aruba;;;;;;;;;;;;;;;;;;;
Belgia;68%;<1%;1%;31%;<1%;;;;;;;;;;;;;;
Gabon;;;;;;;;;;;;;;;;;;;
Brytyjskie Wyspy Dziewicze;;;;;;;;;;;;;;;;;;;
Turks i Caicos;;;;;;;;;;;;;;;;;;;
San Marino;;;;;;;;;;;;;;;;;;;
Zambia;;;;;;;;;;;;;;;;;;;
Palestyna;;;;;;;;;;;;;;;;;;;
Gruzja;;;;;;;;;;;;;;;;;;;
Uganda;;;;;;;;;;;;;;;;;;;
Côte d’Ivoire;;;;;;;;;;;;;;;;;;;
Kongo;;;;;;;;;;;;;;;;;;;
Barbados;;;;;;;;;;;;;;;;;;;
Polinezja Francuska;;;;;;;;;;;;;;;;;;;
Szwajcaria;63%;<1%;2%;34%;1%;;;;;;;;;;;;;;
Kajmany;;;;;;;;;;;;;;;;;;;
Haiti;;;;;;;;;;;;;;;;;;;
Kanada;55%;<1%;1%;43%;1%;;;;;;;;;;;;;;
Majotta;;;;;;;;;;;;;;;;;;;
Sint Maarten;;;;;;;;;;;;;;;;;;;
Andora;;;;;;;;;;;;;;;;;;;
Gambia;;;;;;;;;;;;;;;;;;;
Bahamy;;;;;;;;;;;;;;;;;;;
Montserrat;;;;;;;;;;;;;;;;;;;
Bośnia i Hercegowina;;;;;;;;;;;;;;;;;;;
Saint-Martin;;;;;;;;;;;;;;;;;;;
Jordania;60%;<1%;<1%;40%;<1%;;;;;;;;;;;;;;
Burkina Faso;;;;;;;;;;;;;;;;;;;
Nigeria;49%;<1%;3%;48%;<1%;;;;;;;;;;;;;;
Guam;;;;;;;;;;;;;;;;;;;
Nowa Zelandia;52%;<1%;1%;47%;<1%;;;;;;;;;;;;;;
Gujana Francuska;;;;;;;;;;;;;;;;;;;
Australia;52%;<1%;1%;46%;1%;;;;;;;;;;;;;;
Estonia;;;;;;;;;;;;;;;;;;;
Gwinea;;;;;;;;;;;;;;;;;;;
Austria;67%;<1%;1%;31%;1%;;;;;;;;;;;;;;
Czarnogóra;;;;;;;;;;;;;;;;;;;
Nowa Kaledonia;;;;;;;;;;;;;;;;;;;
Holandia;56%;<1%;1%;42%;1%;;;;;;;;;;;;;;
Kuwejt;;;;;;;;;;;;;;;;;;;
Serbia;65%;<1%;1%;34%;<1%;;;;;;;;;;;;;;
Litwa;60%;<1%;1%;39%;<1%;;;;;;;;;;;;;;
Argentyna;69%;<1%;2%;29%;<1%;;;;;;;;;;;;;;
Węgry;60%;<1%;2%;38%;<1%;;;;;;;;;;;;;;
Włochy;47%;<1%;1%;52%;<1%;;;;;;;;;;;;;;
Słowenia;;;;;;;;;;;;;;;;;;;
Reunion;;;;;;;;;;;;;;;;;;;
Mauretania;;;;;;;;;;;;;;;;;;;
Wyspy Owcze;;;;;;;;;;;;;;;;;;;
Wyspy Dziewicze Stanów Zjednoczonych;;;;;;;;;;;;;;;;;;;
Irlandia;53%;<1%;1%;45%;1%;;;;;;;;;;;;;;
Laos;;;;;;;;;;;;;;;;;;;
Dania;56%;<1%;2%;42%;<1%;;;;;;;;;;;;;;
Saint-Barthélemy;;;;;;;;;;;;;;;;;;;
Turcja;75%;<1%;1%;24%;<1%;;;;;;;;;;;;;;
Bermudy;;;;;;;;;;;;;;;;;;;
Łotwa;;;;;;;;;;;;;;;;;;;
Mołdawia;;;;;;;;;;;;;;;;;;;
Svalbard i Jan Mayen;;;;;;;;;;;;;;;;;;;
Egipt;51%;<1%;<1%;49%;<1%;;;;;;;;;;;;;;
Gwadelupa;;;;;;;;;;;;;;;;;;;
Szwecja;52%;<1%;2%;46%;<1%;;;;;;;;;;;;;;
Gwinea Bissau;;;;;;;;;;;;;;;;;;;
Martynika;;;;;;;;;;;;;;;;;;;
Niemcy;61%;<1%;2%;36%;1%;;;;;;;;;;;;;;
Islandia;;;;;;;;;;;;;;;;;;;
Gwinea Równikowa;;;;;;;;;;;;;;;;;;;
Francja;62%;<1%;1%;36%;1%;;;;;;;;;;;;;;
Stany Zjednoczone;43%;<1%;2%;54%;1%;;;;;;;;;;;;;;
Rumunia;38%;<1%;1%;61%;<1%;;;;;;;;;;;;;;
Grecja;57%;<1%;1%;42%;<1%;;;;;;;;;;;;;;
Republika Środkowoafrykańska;;;;;;;;;;;;;;;;;;;
Saint-Pierre i Miquelon;;;;;;;;;;;;;;;;;;;
Norwegia;52%;<1%;2%;45%;1%;;;;;;;;;;;;;;
Tajlandia;42%;<1%;1%;57%;<1%;;;;;;;;;;;;;;
Chorwacja;56%;<1%;1%;42%;1%;;;;;;;;;;;;;;
Izrael;41%;<1%;3%;55%;1%;;;;;;;;;;;;;;
Grenlandia;;;;;;;;;;;;;;;;;;;
Niger;;;;;;;;;;;;;;;;;;;
Kamerun;;;;;;;;;;;;;;;;;;;
Arabia Saudyjska;52%;<1%;1%;47%;<1%;;;;;;;;;;;;;;
Wyspa Man;;;;;;;;;;;;;;;;;;;
Wyspy Alandzkie;;;;;;;;;;;;;;;;;;;
Wielka Brytania;44%;<1%;1%;54%;1%;;;;;;;;;;;;;;
Mali;;;;;;;;;;;;;;;;;;;
Bułgaria;54%;<1%;2%;44%;<1%;;;;;;;;;;;;;;
Słowacja;52%;<1%;2%;46%;<1%;;;;;;;;;;;;;;
Jersey;;;;;;;;;;;;;;;;;;;
Wietnam;23%;<1%;<1%;77%;<1%;;;;;;;;;;;;;;
Guernsey;;;;;;;;;;;;;;;;;;;
Irak;47%;<1%;<1%;53%;<1%;;;;;;;;;;;;;;
Kirgistan;;;;;;;;;;;;;;;;;;;
Czad;;;;;;;;;;;;;;;;;;;
Kazachstan;55%;<1%;2%;43%;<1%;;;;;;;;;;;;;;
Demokratyczna Republika Konga;;;;;;;;;;;;;;;;;;;
Falklandy (Malwiny);;;;;;;;;;;;;;;;;;;
Czechy;42%;<1%;2%;55%;1%;;;;;;;;;;;;;;
Finlandia;46%;<1%;2%;51%;1%;;;;;;;;;;;;;;
Polska;47%;<1%;2%;50%;1%;;;;;;;;;;;;;;
Korea Południowa;22%;<1%;2%;73%;3%;;;;;;;;;;;;;;
Libia;;;;;;;;;;;;;;;;;;;
Hongkong;22%;<1%;2%;74%;2%;;;;;;;;;;;;;;
Iran;57%;<1%;2%;41%;<1%;;;;;;;;;;;;;;
Tadżykistan;;;;;;;;;;;;;;;;;;;
Jemen;;;;;;;;;;;;;;;;;;;
Wenezuela;41%;<1%;1%;58%;<1%;;;;;;;;;;;;;;
Kuba;;;;;;;;;;;;;;;;;;;
Ukraina;43%;<1%;3%;54%;<1%;;;;;;;;;;;;;;
Makau;;;;;;;;;;;;;;;;;;;
Sudan;;;;;;;;;;;;;;;;;;;
Wyspa Świętej Heleny;;;;;;;;;;;;;;;;;;;
Japonia;28%;<1%;2%;69%;1%;;;;;;;;;;;;;;
Turkmenistan;;;;;;;;;;;;;;;;;;;
Syria;;;;;;;;;;;;;;;;;;;
Rosja;27%;<1%;3%;68%;2%;;;;;;;;;;;;;;
Białoruś;;;;;;;;;;;;;;;;;;;
Francuskie Terytoria Południowe i Antarktyczne;;;;;;;;;;;;;;;;;;;
Nauru;;;;;;;;;;;;;;;;;;;
Monako;;;;;;;;;;;;;;;;;;;
Watykan;;;;;;;;;;;;;;;;;;;
Korea Północna;;;;;;;;;;;;;;;;;;;
Dalekie Wyspy Mniejsze Stanów Zjednoczonych;;;;;;;;;;;;;;;;;;;
Pitcairn;;;;;;;;;;;;;;;;;;;
Wyspa Bouveta;;;;;;;;;;;;;;;;;;;
Tokelau;;;;;;;;;;;;;;;;;;;
Antarktyda;;;;;;;;;;;;;;;;;;;
Niue;;;;;;;;;;;;;;;;;;;
Brytyjskie Terytorium Oceanu Indyjskiego;;;;;;;;;;;;;;;;;;;
Norfolk;;;;;;;;;;;;;;;;;;;
Wyspy Kokosowe;;;;;;;;;;;;;;;;;;;
Georgia Południowa i Sandwich Południowy;;;;;;;;;;;;;;;;;;;
Wyspa Bożego Narodzenia;;;;;;;;;;;;;;;;;;;
Wyspy Heard i McDonalda;;;;;;;;;;;;;;;;;;;
Gwadelupa;;;;;;;;;;;;;;;;;;;
Saint-Barthélemy;;;;;;;;;;;;;;;;;;;
Chiny;;;;;;35%;54%;4%;5%;2%;;;;;;;;;
Francja;;;;;;68%;25%;3%;2%;2%;;;;;;;;;
Luksemburg;;;;;;59%;30%;3%;4%;4%;;;;;;;;;
Saint-Pierre i Miquelon;;;;;;;;;;;;;;;;;;;
Wyspy Marshalla;;;;;;;;;;;;;;;;;;;
Martynika;;;;;;;;;;;;;;;;;;;
Madagaskar;;;;;;;;;;;;;;;;;;;
Rwanda;;;;;;;;;;;;;;;;;;;
Reunion;;;;;;;;;;;;;;;;;;;
Laos;;;;;;23%;71%;3%;1%;2%;;;;;;;;;
Izrael;;;;;;30%;62%;5%;2%;1%;;;;;;;;;
Nowa Kaledonia;;;;;;;;;;;;;;;;;;;
Timor Wschodni;;;;;;;;;;;;;;;;;;;
Gabon;;;;;;;;;;;;;;;;;;;
Gujana Francuska;;;;;;;;;;;;;;;;;;;
Saint-Martin;;;;;;;;;;;;;;;;;;;
Benin;;;;;;;;;;;;;;;;;;;
Burundi;;;;;;;;;;;;;;;;;;;
Szwajcaria;;;;;;42%;42%;5%;6%;5%;;;;;;;;;
Sint Maarten;;;;;;;;;;;;;;;;;;;
Togo;;;;;;;;;;;;;;;;;;;
Sri Lanka;;;;;;8%;88%;1%;2%;1%;;;;;;;;;
Polinezja Francuska;;;;;;;;;;;;;;;;;;;
Kongo;;;;;;;;;;;;;;;;;;;
Belgia;;;;;;45%;44%;5%;3%;3%;;;;;;;;;
Kamerun;;;;;;;;;;;;;;;;;;;
Mauritius;;;;;;;;;;;;;;;;;;;
Kanada;;;;;;33%;52%;6%;6%;3%;;;;;;;;;
Singapur;;;;;;17%;61%;12%;6%;4%;;;;;;;;;
Côte d’Ivoire;;;;;;;;;;;;;;;;;;;
Bhutan;;;;;;;;;;;;;;;;;;;
Holandia;;;;;;41%;45%;5%;5%;4%;;;;;;;;;
Burkina Faso;;;;;;;;;;;;;;;;;;;
Haiti;;;;;;;;;;;;;;;;;;;
Korea Południowa;;;;;;25%;62%;6%;5%;2%;;;;;;;;;
Kenia;;;;;;15%;77%;1%;4%;3%;;;;;;;;;
Maroko;;;;;;16%;76%;3%;3%;2%;;;;;;;;;
Senegal;;;;;;;;;;;;;;;;;;;
Wietnam;;;;;;14%;78%;4%;2%;2%;;;;;;;;;
Sahara Zachodnia;;;;;;;;;;;;;;;;;;;
Andora;;;;;;;;;;;;;;;;;;;
Republika Środkowoafrykańska;;;;;;;;;;;;;;;;;;;
Dżibuti;;;;;;;;;;;;;;;;;;;
Indonezja;;;;;;6%;92%;2%;<1%;<1%;;;;;;;;;
Tunezja;;;;;;13%;79%;2%;4%;2%;;;;;;;;;
Liban;;;;;;;;;;;;;;;;;;;
Malta;;;;;;;;;;;;;;;;;;;
Peru;;;;;;11%;84%;2%;2%;1%;;;;;;;;;
Ekwador;;;;;;9%;88%;1%;1%;1%;;;;;;;;;
Pakistan;;;;;;12%;78%;3%;4%;3%;;;;;;;;;
Tajwan;;;;;;22%;69%;5%;3%;1%;;;;;;;;;
Botswana;;;;;;;;;;;;;;;;;;;
Vanuatu;;;;;;;;;;;;;;;;;;;
Tajlandia;;;;;;9%;85%;4%;1%;1%;;;;;;;;;
Eswatini;;;;;;;;;;;;;;;;;;;
Filipiny;;;;;;5%;90%;4%;1%;<1%;;;;;;;;;
Nigeria;;;;;;16%;57%;2%;4%;21%;;;;;;;;;
Saint Vincent i Grenadyny;;;;;;;;;;;;;;;;;;;
Malediwy;;;;;;;;;;;;;;;;;;;
Boliwia;;;;;;9%;86%;3%;1%;1%;;;;;;;;;
Hongkong;;;;;;21%;59%;6%;9%;5%;;;;;;;;;
Namibia;;;;;;;;;;;;;;;;;;;
Nepal;;;;;;7%;87%;2%;3%;1%;;;;;;;;;
Australia;;;;;;24%;61%;7%;5%;3%;;;;;;;;;
Kolumbia;;;;;;11%;84%;2%;2%;1%;;;;;;;;;
San Marino;;;;;;;;;;;;;;;;;;;
Gwinea;;;;;;;;;;;;;;;;;;;
Nowa Zelandia;;;;;;24%;64%;6%;4%;2%;;;;;;;;;
Wyspy Dziewicze Stanów Zjednoczonych;;;;;;;;;;;;;;;;;;;
Estonia;;;;;;;;;;;;;;;;;;;
Zimbabwe;;;;;;;;;;;;;;;;;;;
Wyspy Świętego Tomasza i Książęca;;;;;;;;;;;;;;;;;;;
Ghana;;;;;;15%;69%;1%;6%;9%;;;;;;;;;
Niderlandy Karaibskie;;;;;;;;;;;;;;;;;;;
Komory;;;;;;;;;;;;;;;;;;;
Lesotho;;;;;;;;;;;;;;;;;;;
Gruzja;;;;;;;;;;;;;;;;;;;
Demokratyczna Republika Konga;;;;;;;;;;;;;;;;;;;
Panama;;;;;;;;;;;;;;;;;;;
Armenia;;;;;;;;;;;;;;;;;;;
Saint Kitts i Nevis;;;;;;;;;;;;;;;;;;;
Majotta;;;;;;;;;;;;;;;;;;;
Albania;;;;;;;;;;;;;;;;;;;
Portugalia;;;;;;19%;69%;4%;4%;4%;;;;;;;;;
Algieria;;;;;;11%;84%;2%;2%;1%;;;;;;;;;
Stany Zjednoczone;;;;;;20%;61%;7%;8%;4%;;;;;;;;;
Malawi;;;;;;;;;;;;;;;;;;;
Cypr;;;;;;;;;;;;;;;;;;;
Kajmany;;;;;;;;;;;;;;;;;;;
Niger;;;;;;;;;;;;;;;;;;;
Gwinea Równikowa;;;;;;;;;;;;;;;;;;;
Tonga;;;;;;;;;;;;;;;;;;;
Antigua i Barbuda;;;;;;;;;;;;;;;;;;;
Barbados;;;;;;;;;;;;;;;;;;;
Jamajka;;;;;;;;;;;;;;;;;;;
Jersey;;;;;;;;;;;;;;;;;;;
Rumunia;;;;;;16%;38%;42%;2%;2%;;;;;;;;;
Fidżi;;;;;;;;;;;;;;;;;;;
Wielka Brytania;;;;;;22%;60%;6%;7%;5%;;;;;;;;;
Malezja;;;;;;9%;81%;5%;3%;2%;;;;;;;;;
Dominika;;;;;;;;;;;;;;;;;;;
Islandia;;;;;;;;;;;;;;;;;;;
Macedonia Północna;;;;;;;;;;;;;;;;;;;
Irlandia;;;;;;22%;59%;5%;8%;6%;;;;;;;;;
Republika Południowej Afryki;;;;;;16%;75%;2%;4%;3%;;;;;;;;;
Liechtenstein;;;;;;;;;;;;;;;;;;;
Kostaryka;;;;;;;;;;;;;;;;;;;
Wyspa Świętej Heleny;;;;;;;;;;;;;;;;;;;
Bangladesz;;;;;;6%;88%;2%;3%;1%;;;;;;;;;
Zjednoczone Emiraty Arabskie;;;;;;10%;79%;3%;3%;5%;;;;;;;;;
Seszele;;;;;;;;;;;;;;;;;;;
Indie;;;;;;6%;86%;1%;6%;1%;;;;;;;;;
Mongolia;;;;;;;;;;;;;;;;;;;
Palestyna;;;;;;;;;;;;;;;;;;;
Wyspy Owcze;;;;;;;;;;;;;;;;;;;
Wyspa Man;;;;;;;;;;;;;;;;;;;
Guernsey;;;;;;;;;;;;;;;;;;;
Saint Lucia;;;;;;;;;;;;;;;;;;;
Mjanma (Birma);;;;;;;;;;;;;;;;;;;
Mołdawia;;;;;;;;;;;;;;;;;;;
Brytyjskie Wyspy Dziewicze;;;;;;;;;;;;;;;;;;;
Niemcy;;;;;;23%;59%;7%;6%;5%;;;;;;;;;
Czad;;;;;;;;;;;;;;;;;;;
Republika Zielonego Przylądka;;;;;;;;;;;;;;;;;;;
Grenada;;;;;;;;;;;;;;;;;;;
Słowenia;;;;;;;;;;;;;;;;;;;
Łotwa;;;;;;;;;;;;;;;;;;;
Kambodża;;;;;;;;;;;;;;;;;;;
Curaçao;;;;;;;;;;;;;;;;;;;
Austria;;;;;;24%;58%;8%;5%;5%;;;;;;;;;
Belize;;;;;;;;;;;;;;;;;;;
Czechy;;;;;;19%;70%;6%;2%;3%;;;;;;;;;
Szwecja;;;;;;26%;54%;9%;7%;4%;;;;;;;;;
Litwa;;;;;;;;;;;;;;;;;;;
Norwegia;;;;;;26%;57%;7%;6%;4%;;;;;;;;;
Salwador;;;;;;;;;;;;;;;;;;;
Wyspy Salomona;;;;;;;;;;;;;;;;;;;
Dania;;;;;;24%;57%;7%;8%;4%;;;;;;;;;
Makau;;;;;;;;;;;;;;;;;;;
Wyspy Alandzkie;;;;;;;;;;;;;;;;;;;
Chile;;;;;;12%;80%;5%;2%;1%;;;;;;;;;
Kosowo;;;;;;;;;;;;;;;;;;;
Włochy;;;;;;12%;66%;17%;3%;2%;;;;;;;;;
Trynidad i Tobago;;;;;;;;;;;;;;;;;;;
Ukraina;;;;;;21%;68%;7%;1%;3%;;;;;;;;;
Japonia;;;;;;21%;70%;8%;1%;<1%;;;;;;;;;
Bermudy;;;;;;;;;;;;;;;;;;;
Hiszpania;;;;;;16%;70%;6%;4%;4%;;;;;;;;;
Samoa Amerykańskie;;;;;;;;;;;;;;;;;;;
Paragwaj;;;;;;;;;;;;;;;;;;;
Portoryko;;;;;;;;;;;;;;;;;;;
Bułgaria;;;;;;20%;66%;6%;3%;5%;;;;;;;;;
Aruba;;;;;;;;;;;;;;;;;;;
Gibraltar;;;;;;;;;;;;;;;;;;;
Mauretania;;;;;;;;;;;;;;;;;;;
Finlandia;;;;;;21%;52%;18%;6%;3%;;;;;;;;;
Sierra Leone;;;;;;;;;;;;;;;;;;;
Dominikana;;;;;;;;;;;;;;;;;;;
Bahamy;;;;;;;;;;;;;;;;;;;
Etiopia;;;;;;;;;;;;;;;;;;;
Mozambik;;;;;;;;;;;;;;;;;;;
Uganda;;;;;;;;;;;;;;;;;;;
Egipt;;;;;;7%;86%;3%;3%;1%;;;;;;;;;
Urugwaj;;;;;;;;;;;;;;;;;;;
Zambia;;;;;;;;;;;;;;;;;;;
Czarnogóra;;;;;;;;;;;;;;;;;;;
Grecja;;;;;;18%;68%;4%;6%;4%;;;;;;;;;
Brunei;;;;;;;;;;;;;;;;;;;
Mali;;;;;;;;;;;;;;;;;;;
Węgry;;;;;;18%;70%;7%;3%;2%;;;;;;;;;
Turks i Caicos;;;;;;;;;;;;;;;;;;;
Azerbejdżan;;;;;;;;;;;;;;;;;;;
Papua-Nowa Gwinea;;;;;;;;;;;;;;;;;;;
Serbia;;;;;;;;;;;;;;;;;;;
Katar;;;;;;;;;;;;;;;;;;;
Słowacja;;;;;;;;;;;;;;;;;;;
Polska;;;;;;12%;79%;5%;2%;2%;;;;;;;;;
Gwatemala;;;;;;;;;;;;;;;;;;;
Argentyna;;;;;;10%;82%;4%;2%;2%;;;;;;;;;
Bahrajn;;;;;;;;;;;;;;;;;;;
Honduras;;;;;;;;;;;;;;;;;;;
Angola;;;;;;;;;;;;;;;;;;;
Guam;;;;;;;;;;;;;;;;;;;
Meksyk;;;;;;7%;87%;4%;1%;1%;;;;;;;;;
Uzbekistan;;;;;;;;;;;;;;;;;;;
Gwinea Bissau;;;;;;;;;;;;;;;;;;;
Gujana;;;;;;;;;;;;;;;;;;;
Chorwacja;;;;;;;;;;;;;;;;;;;
Jordania;;;;;;;;;;;;;;;;;;;
Gambia;;;;;;;;;;;;;;;;;;;
Brazylia;;;;;;7%;86%;3%;1%;3%;;;;;;;;;
Tanzania;;;;;;;;;;;;;;;;;;;
Bośnia i Hercegowina;;;;;;;;;;;;;;;;;;;
Liberia;;;;;;;;;;;;;;;;;;;
Surinam;;;;;;;;;;;;;;;;;;;
Samoa;;;;;;;;;;;;;;;;;;;
Turcja;;;;;;12%;77%;7%;2%;2%;;;;;;;;;
Kuba;;;;;;;;;;;;;;;;;;;
Oman;;;;;;;;;;;;;;;;;;;
Grenlandia;;;;;;;;;;;;;;;;;;;
Wenezuela;;;;;;3%;95%;1%;<1%;1%;;;;;;;;;
Irak;;;;;;;;;;;;;;;;;;;
Kazachstan;;;;;;;;;;;;;;;;;;;
Kirgistan;;;;;;;;;;;;;;;;;;;
Kuwejt;;;;;;;;;;;;;;;;;;;
Arabia Saudyjska;;;;;;7%;83%;3%;5%;2%;;;;;;;;;
Nikaragua;;;;;;;;;;;;;;;;;;;
Rosja;;;;;;22%;49%;16%;6%;7%;;;;;;;;;
Białoruś;;;;;;;;;;;;;;;;;;;
Sudan Południowy;;;;;;;;;;;;;;;;;;;
Somalia;;;;;;;;;;;;;;;;;;;
Afganistan;;;;;;;;;;;;;;;;;;;
Libia;;;;;;;;;;;;;;;;;;;
Iran;;;;;;9%;81%;3%;5%;2%;;;;;;;;;
Tadżykistan;;;;;;;;;;;;;;;;;;;
Jemen;;;;;;;;;;;;;;;;;;;
Syria;;;;;;;;;;;;;;;;;;;
Mikronezja;;;;;;;;;;;;;;;;;;;
Turkmenistan;;;;;;;;;;;;;;;;;;;
Sudan;;;;;;;;;;;;;;;;;;;
Niue;;;;;;;;;;;;;;;;;;;
Anguilla;;;;;;;;;;;;;;;;;;;
Erytrea;;;;;;;;;;;;;;;;;;;
Wyspy Cooka;;;;;;;;;;;;;;;;;;;
Tokelau;;;;;;;;;;;;;;;;;;;
Tuvalu;;;;;;;;;;;;;;;;;;;
Wyspy Kokosowe;;;;;;;;;;;;;;;;;;;
Falklandy (Malwiny);;;;;;;;;;;;;;;;;;;
Wyspa Bouveta;;;;;;;;;;;;;;;;;;;
Wyspy Heard i McDonalda;;;;;;;;;;;;;;;;;;;
Dalekie Wyspy Mniejsze Stanów Zjednoczonych;;;;;;;;;;;;;;;;;;;
Brytyjskie Terytorium Oceanu Indyjskiego;;;;;;;;;;;;;;;;;;;
Svalbard i Jan Mayen;;;;;;;;;;;;;;;;;;;
Georgia Południowa i Sandwich Południowy;;;;;;;;;;;;;;;;;;;
Watykan;;;;;;;;;;;;;;;;;;;
Kiribati;;;;;;;;;;;;;;;;;;;
Monako;;;;;;;;;;;;;;;;;;;
Korea Północna;;;;;;;;;;;;;;;;;;;
Palau;;;;;;;;;;;;;;;;;;;
Francuskie Terytoria Południowe i Antarktyczne;;;;;;;;;;;;;;;;;;;
Antarktyda;;;;;;;;;;;;;;;;;;;
Wallis i Futuna;;;;;;;;;;;;;;;;;;;
Pitcairn;;;;;;;;;;;;;;;;;;;
Mariany Północne;;;;;;;;;;;;;;;;;;;
Montserrat;;;;;;;;;;;;;;;;;;;
Norfolk;;;;;;;;;;;;;;;;;;;
Nauru;;;;;;;;;;;;;;;;;;;
Wyspa Bożego Narodzenia;;;;;;;;;;;;;;;;;;;
Łotwa;;;;;;;;;;;92%;3%;<1%;4%;1%;;;;
Litwa;;;;;;;;;;;88%;5%;<1%;6%;1%;;;;
Brazylia;;;;;;;;;;;84%;2%;<1%;10%;4%;;;;
Bangladesz;;;;;;;;;;;74%;8%;<1%;16%;2%;;;;
Portugalia;;;;;;;;;;;61%;11%;<1%;22%;6%;;;;
Wyspy Marshalla;;;;;;;;;;;;;;;;;;;
Wyspy Świętego Tomasza i Książęca;;;;;;;;;;;;;;;;;;;
Argentyna;;;;;;;;;;;58%;7%;<1%;29%;6%;;;;
Stany Zjednoczone;;;;;;;;;;;34%;14%;<1%;41%;11%;;;;
Angola;;;;;;;;;;;;;;;;;;;
Republika Zielonego Przylądka;;;;;;;;;;;;;;;;;;;
Madagaskar;;;;;;;;;;;;;;;;;;;
Mozambik;;;;;;;;;;;;;;;;;;;
Svalbard i Jan Mayen;;;;;;;;;;;;;;;;;;;
Malezja;;;;;;;;;;;36%;16%;<1%;38%;10%;;;;
Gwinea Bissau;;;;;;;;;;;;;;;;;;;
Rumunia;;;;;;;;;;;37%;21%;<1%;33%;9%;;;;
Węgry;;;;;;;;;;;38%;14%;<1%;38%;10%;;;;
Brunei;;;;;;;;;;;;;;;;;;;
Palau;;;;;;;;;;;;;;;;;;;
Saint-Martin;;;;;;;;;;;;;;;;;;;
Indonezja;;;;;;;;;;;38%;23%;<1%;34%;5%;;;;
Guam;;;;;;;;;;;;;;;;;;;
Irlandia;;;;;;;;;;;17%;17%;<1%;46%;20%;;;;
Paragwaj;;;;;;;;;;;;;;;;;;;
Singapur;;;;;;;;;;;10%;22%;1%;41%;26%;;;;
Wyspy Dziewicze Stanów Zjednoczonych;;;;;;;;;;;;;;;;;;;
Turks i Caicos;;;;;;;;;;;;;;;;;;;
Sierra Leone;;;;;;;;;;;;;;;;;;;
Belize;;;;;;;;;;;;;;;;;;;
Mariany Północne;;;;;;;;;;;;;;;;;;;
Aruba;;;;;;;;;;;;;;;;;;;
Urugwaj;;;;;;;;;;;;;;;;;;;
Saint Lucia;;;;;;;;;;;;;;;;;;;
Gujana;;;;;;;;;;;;;;;;;;;
Szwajcaria;;;;;;;;;;;17%;28%;1%;44%;10%;;;;
Indie;;;;;;;;;;;17%;14%;<1%;44%;25%;;;;
Zjednoczone Emiraty Arabskie;;;;;;;;;;;14%;29%;<1%;46%;11%;;;;
Mołdawia;;;;;;;;;;;;;;;;;;;
Dania;;;;;;;;;;;22%;17%;2%;50%;9%;;;;
Katar;;;;;;;;;;;;;;;;;;;
Islandia;;;;;;;;;;;;;;;;;;;
Guernsey;;;;;;;;;;;;;;;;;;;
Luksemburg;;;;;;;;;;;;;;;;;;;
Wyspy Alandzkie;;;;;;;;;;;;;;;;;;;
Kajmany;;;;;;;;;;;;;;;;;;;
Barbados;;;;;;;;;;;;;;;;;;;
Timor Wschodni;;;;;;;;;;;;;;;;;;;
Wielka Brytania;;;;;;;;;;;13%;21%;<1%;53%;13%;;;;
Bermudy;;;;;;;;;;;;;;;;;;;
Wyspy Owcze;;;;;;;;;;;;;;;;;;;
Mauritius;;;;;;;;;;;;;;;;;;;
Grenada;;;;;;;;;;;;;;;;;;;
Francja;;;;;;;;;;;17%;29%;<1%;45%;9%;;;;
Turkmenistan;;;;;;;;;;;;;;;;;;;
Jamajka;;;;;;;;;;;;;;;;;;;
Kanada;;;;;;;;;;;12%;26%;1%;48%;13%;;;;
Bahrajn;;;;;;;;;;;;;;;;;;;
Niderlandy Karaibskie;;;;;;;;;;;;;;;;;;;
Trynidad i Tobago;;;;;;;;;;;;;;;;;;;
Bahamy;;;;;;;;;;;;;;;;;;;
Malediwy;;;;;;;;;;;;;;;;;;;
Saint Kitts i Nevis;;;;;;;;;;;;;;;;;;;
Turcja;;;;;;;;;;;35%;10%;<1%;49%;6%;;;;
Antigua i Barbuda;;;;;;;;;;;;;;;;;;;
Hongkong;;;;;;;;;;;14%;20%;<1%;46%;20%;;;;
Liban;;;;;;;;;;;;;;;;;;;
Chiny;;;;;;;;;;;;;;;;;;;
Macedonia Północna;;;;;;;;;;;;;;;;;;;
Australia;;;;;;;;;;;11%;26%;<1%;46%;17%;;;;
Serbia;;;;;;;;;;;;;;;;;;;
Jersey;;;;;;;;;;;;;;;;;;;
Liechtenstein;;;;;;;;;;;;;;;;;;;
Malta;;;;;;;;;;;;;;;;;;;
Korea Południowa;;;;;;;;;;;14%;9%;<1%;35%;42%;;;;
Makau;;;;;;;;;;;;;;;;;;;
Gujana Francuska;;;;;;;;;;;;;;;;;;;
Tonga;;;;;;;;;;;;;;;;;;;
Andora;;;;;;;;;;;;;;;;;;;
Pakistan;;;;;;;;;;;13%;35%;<1%;41%;11%;;;;
Norwegia;;;;;;;;;;;16%;29%;<1%;47%;8%;;;;
Grenlandia;;;;;;;;;;;;;;;;;;;
Gruzja;;;;;;;;;;;;;;;;;;;
Szwecja;;;;;;;;;;;16%;20%;1%;50%;13%;;;;
Curaçao;;;;;;;;;;;;;;;;;;;
Wyspa Man;;;;;;;;;;;;;;;;;;;
Saint Vincent i Grenadyny;;;;;;;;;;;;;;;;;;;
Gambia;;;;;;;;;;;;;;;;;;;
Wyspa Świętej Heleny;;;;;;;;;;;;;;;;;;;
Portoryko;;;;;;;;;;;;;;;;;;;
Niger;;;;;;;;;;;;;;;;;;;
Filipiny;;;;;;;;;;;13%;19%;<1%;61%;7%;;;;
Dżibuti;;;;;;;;;;;;;;;;;;;
Gibraltar;;;;;;;;;;;;;;;;;;;
Nowa Zelandia;;;;;;;;;;;;;;;;;;;
Martynika;;;;;;;;;;;;;;;;;;;
Sri Lanka;;;;;;;;;;;;;;;;;;;
Sahara Zachodnia;;;;;;;;;;;;;;;;;;;
Namibia;;;;;;;;;;;;;;;;;;;
Azerbejdżan;;;;;;;;;;;;;;;;;;;
Republika Środkowoafrykańska;;;;;;;;;;;;;;;;;;;
Maroko;;;;;;;;;;;;;;;;;;;
Belgia;;;;;;;;;;;12%;39%;1%;41%;7%;;;;
Dominika;;;;;;;;;;;;;;;;;;;
Włochy;;;;;;;;;;;13%;15%;<1%;66%;6%;;;;
Polska;;;;;;;;;;;19%;17%;<1%;48%;16%;;;;
Kosowo;;;;;;;;;;;;;;;;;;;
Oman;;;;;;;;;;;;;;;;;;;
Majotta;;;;;;;;;;;;;;;;;;;
Gwadelupa;;;;;;;;;;;;;;;;;;;
Mjanma (Birma);;;;;;;;;;;;;;;;;;;
Komory;;;;;;;;;;;;;;;;;;;
Reunion;;;;;;;;;;;;;;;;;;;
Czarnogóra;;;;;;;;;;;;;;;;;;;
Nigeria;;;;;;;;;;;9%;60%;<1%;24%;7%;;;;
Kuwejt;;;;;;;;;;;;;;;;;;;
Słowenia;;;;;;;;;;;;;;;;;;;
Arabia Saudyjska;;;;;;;;;;;20%;13%;<1%;61%;6%;;;;
Bośnia i Hercegowina;;;;;;;;;;;;;;;;;;;
Republika Południowej Afryki;;;;;;;;;;;12%;23%;<1%;48%;17%;;;;
Surinam;;;;;;;;;;;;;;;;;;;
Nowa Kaledonia;;;;;;;;;;;;;;;;;;;
Albania;;;;;;;;;;;;;;;;;;;
Seszele;;;;;;;;;;;;;;;;;;;
Estonia;;;;;;;;;;;;;;;;;;;
Saint-Barthélemy;;;;;;;;;;;;;;;;;;;
Cypr;;;;;;;;;;;;;;;;;;;
Brytyjskie Wyspy Dziewicze;;;;;;;;;;;;;;;;;;;
Armenia;;;;;;;;;;;;;;;;;;;
Nikaragua;;;;;;;;;;;;;;;;;;;
Tunezja;;;;;;;;;;;;;;;;;;;
Kolumbia;;;;;;;;;;;17%;6%;<1%;57%;20%;;;;
Holandia;;;;;;;;;;;8%;47%;<1%;36%;9%;;;;
Ekwador;;;;;;;;;;;;;;;;;;;
Boliwia;;;;;;;;;;;;;;;;;;;
Hiszpania;;;;;;;;;;;14%;17%;<1%;55%;14%;;;;
Japonia;;;;;;;;;;;18%;2%;<1%;29%;51%;;;;
San Marino;;;;;;;;;;;;;;;;;;;
Austria;;;;;;;;;;;12%;19%;<1%;56%;13%;;;;
Czechy;;;;;;;;;;;15%;18%;<1%;55%;12%;;;;
Samoa Amerykańskie;;;;;;;;;;;;;;;;;;;
Słowacja;;;;;;;;;;;;;;;;;;;
Tajwan;;;;;;;;;;;21%;10%;<1%;42%;27%;;;;
Mongolia;;;;;;;;;;;;;;;;;;;
Gwatemala;;;;;;;;;;;;;;;;;;;
Honduras;;;;;;;;;;;;;;;;;;;
Sudan Południowy;;;;;;;;;;;;;;;;;;;
Zimbabwe;;;;;;;;;;;;;;;;;;;
Salwador;;;;;;;;;;;;;;;;;;;
Etiopia;;;;;;;;;;;;;;;;;;;
Kostaryka;;;;;;;;;;;;;;;;;;;
Nepal;;;;;;;;;;;;;;;;;;;
Finlandia;;;;;;;;;;;;;;;;;;;
Niemcy;;;;;;;;;;;11%;18%;<1%;59%;12%;;;;
Sint Maarten;;;;;;;;;;;;;;;;;;;
Chile;;;;;;;;;;;17%;8%;<1%;56%;19%;;;;
Panama;;;;;;;;;;;;;;;;;;;
Mauretania;;;;;;;;;;;;;;;;;;;
Meksyk;;;;;;;;;;;15%;6%;<1%;69%;10%;;;;
Bhutan;;;;;;;;;;;;;;;;;;;
Uganda;;;;;;;;;;;;;;;;;;;
Zambia;;;;;;;;;;;;;;;;;;;
Chorwacja;;;;;;;;;;;;;;;;;;;
Irak;;;;;;;;;;;;;;;;;;;
Polinezja Francuska;;;;;;;;;;;;;;;;;;;
Senegal;;;;;;;;;;;;;;;;;;;
Algieria;;;;;;;;;;;;;;;;;;;
Jordania;;;;;;;;;;;;;;;;;;;
Papua-Nowa Gwinea;;;;;;;;;;;;;;;;;;;
Somalia;;;;;;;;;;;;;;;;;;;
Fidżi;;;;;;;;;;;;;;;;;;;
Ghana;;;;;;;;;;;;;;;;;;;
Liberia;;;;;;;;;;;;;;;;;;;
Peru;;;;;;;;;;;18%;7%;<1%;56%;19%;;;;
Libia;;;;;;;;;;;;;;;;;;;
Kuba;;;;;;;;;;;;;;;;;;;
Botswana;;;;;;;;;;;;;;;;;;;
Gabon;;;;;;;;;;;;;;;;;;;
Grecja;;;;;;;;;;;;;;;;;;;
Samoa;;;;;;;;;;;;;;;;;;;
Laos;;;;;;;;;;;;;;;;;;;
Tajlandia;;;;;;;;;;;13%;16%;<1%;59%;12%;;;;
Sudan;;;;;;;;;;;;;;;;;;;
Kamerun;;;;;;;;;;;;;;;;;;;
Dominikana;;;;;;;;;;;;;;;;;;;
Haiti;;;;;;;;;;;;;;;;;;;
Egipt;;;;;;;;;;;13%;9%;<1%;68%;10%;;;;
Jemen;;;;;;;;;;;;;;;;;;;
Vanuatu;;;;;;;;;;;;;;;;;;;
Togo;;;;;;;;;;;;;;;;;;;
Benin;;;;;;;;;;;;;;;;;;;
Wenezuela;;;;;;;;;;;;;;;;;;;
Lesotho;;;;;;;;;;;;;;;;;;;
Izrael;;;;;;;;;;;;;;;;;;;
Mali;;;;;;;;;;;;;;;;;;;
Syria;;;;;;;;;;;;;;;;;;;
Burkina Faso;;;;;;;;;;;;;;;;;;;
Eswatini;;;;;;;;;;;;;;;;;;;
Kenia;;;;;;;;;;;;;;;;;;;
Malawi;;;;;;;;;;;;;;;;;;;
Palestyna;;;;;;;;;;;;;;;;;;;
Rwanda;;;;;;;;;;;;;;;;;;;
Wietnam;;;;;;;;;;;11%;19%;<1%;52%;18%;;;;
Uzbekistan;;;;;;;;;;;;;;;;;;;
Kambodża;;;;;;;;;;;;;;;;;;;
Czad;;;;;;;;;;;;;;;;;;;
Afganistan;;;;;;;;;;;;;;;;;;;
Bułgaria;;;;;;;;;;;;;;;;;;;
Gwinea;;;;;;;;;;;;;;;;;;;
Côte d’Ivoire;;;;;;;;;;;;;;;;;;;
Kongo;;;;;;;;;;;;;;;;;;;
Wyspy Salomona;;;;;;;;;;;;;;;;;;;
Tanzania;;;;;;;;;;;;;;;;;;;
Ukraina;;;;;;;;;;;13%;22%;<1%;44%;21%;;;;
Rosja;;;;;;;;;;;15%;24%;<1%;54%;7%;;;;
Gwinea Równikowa;;;;;;;;;;;;;;;;;;;
Burundi;;;;;;;;;;;;;;;;;;;
Białoruś;;;;;;;;;;;;;;;;;;;
Kazachstan;;;;;;;;;;;;;;;;;;;
Demokratyczna Republika Konga;;;;;;;;;;;;;;;;;;;
Kirgistan;;;;;;;;;;;;;;;;;;;
Iran;;;;;;;;;;;17%;41%;<1%;39%;3%;;;;
Tadżykistan;;;;;;;;;;;;;;;;;;;
Saint-Pierre i Miquelon;;;;;;;;;;;;;;;;;;;
Kiribati;;;;;;;;;;;;;;;;;;;
Nauru;;;;;;;;;;;;;;;;;;;
Antarktyda;;;;;;;;;;;;;;;;;;;
Tuvalu;;;;;;;;;;;;;;;;;;;
Niue;;;;;;;;;;;;;;;;;;;
Pitcairn;;;;;;;;;;;;;;;;;;;
Norfolk;;;;;;;;;;;;;;;;;;;
Wyspa Bożego Narodzenia;;;;;;;;;;;;;;;;;;;
Dalekie Wyspy Mniejsze Stanów Zjednoczonych;;;;;;;;;;;;;;;;;;;
Erytrea;;;;;;;;;;;;;;;;;;;
Montserrat;;;;;;;;;;;;;;;;;;;
Falklandy (Malwiny);;;;;;;;;;;;;;;;;;;
Watykan;;;;;;;;;;;;;;;;;;;
Mikronezja;;;;;;;;;;;;;;;;;;;
Tokelau;;;;;;;;;;;;;;;;;;;
Korea Północna;;;;;;;;;;;;;;;;;;;
Anguilla;;;;;;;;;;;;;;;;;;;
Monako;;;;;;;;;;;;;;;;;;;
Wyspy Heard i McDonalda;;;;;;;;;;;;;;;;;;;
Wallis i Futuna;;;;;;;;;;;;;;;;;;;
Brytyjskie Terytorium Oceanu Indyjskiego;;;;;;;;;;;;;;;;;;;
Wyspy Cooka;;;;;;;;;;;;;;;;;;;
Wyspy Kokosowe;;;;;;;;;;;;;;;;;;;
Georgia Południowa i Sandwich Południowy;;;;;;;;;;;;;;;;;;;
Wyspa Bouveta;;;;;;;;;;;;;;;;;;;
Francuskie Terytoria Południowe i Antarktyczne;;;;;;;;;;;;;;;;;;;
Chiny;;;;;;;;;;;;;;;59%;3%;30%;8%;
Erytrea;;;;;;;;;;;;;;;;;;;
Singapur;;;;;;;;;;;;;;;18%;2%;70%;10%;
Bhutan;;;;;;;;;;;;;;;;;;;
Hongkong;;;;;;;;;;;;;;;28%;3%;59%;10%;
Izrael;;;;;;;;;;;;;;;40%;4%;49%;7%;
Indie;;;;;;;;;;;;;;;31%;7%;47%;15%;
Svalbard i Jan Mayen;;;;;;;;;;;;;;;;;;;
Szwajcaria;;;;;;;;;;;;;;;30%;4%;53%;13%;
Makau;;;;;;;;;;;;;;;;;;;
Armenia;;;;;;;;;;;;;;;;;;;
Nepal;;;;;;;;;;;;;;;24%;6%;58%;12%;
Tunezja;;;;;;;;;;;;;;;33%;5%;54%;8%;
Korea Południowa;;;;;;;;;;;;;;;42%;10%;39%;9%;
Luksemburg;;;;;;;;;;;;;;;;;;;
Madagaskar;;;;;;;;;;;;;;;;;;;
Holandia;;;;;;;;;;;;;;;19%;3%;67%;11%;
Wyspa Świętej Heleny;;;;;;;;;;;;;;;21%;6%;61%;12%;
Rosja;;;;;;;;;;;;;;;47%;4%;42%;7%;
Tajwan;;;;;;;;;;;;;;;32%;4%;53%;11%;
Finlandia;;;;;;;;;;;;;;;26%;5%;59%;10%;
Kanada;;;;;;;;;;;;;;;9%;1%;74%;16%;
Liechtenstein;;;;;;;;;;;;;;;;;;;
Szwecja;;;;;;;;;;;;;;;22%;5%;62%;11%;
Stany Zjednoczone;;;;;;;;;;;;;;;8%;1%;80%;11%;
Dania;;;;;;;;;;;;;;;16%;3%;69%;12%;
Norwegia;;;;;;;;;;;;;;;20%;4%;65%;11%;
Estonia;;;;;;;;;;;;;;;;;;;
Sri Lanka;;;;;;;;;;;;;;;22%;4%;57%;17%;
Niemcy;;;;;;;;;;;;;;;24%;4%;59%;13%;
Pakistan;;;;;;;;;;;;;;;21%;6%;60%;13%;
Austria;;;;;;;;;;;;;;;24%;4%;58%;14%;
Wielka Brytania;;;;;;;;;;;;;;;7%;1%;83%;9%;
Islandia;;;;;;;;;;;;;;;;;;;
Irlandia;;;;;;;;;;;;;;;8%;1%;80%;11%;
Czechy;;;;;;;;;;;;;;;26%;5%;57%;12%;
Australia;;;;;;;;;;;;;;;8%;1%;80%;11%;
Etiopia;;;;;;;;;;;;;;;;;;;
Słowenia;;;;;;;;;;;;;;;;;;;
Belgia;;;;;;;;;;;;;;;14%;2%;76%;8%;
Cypr;;;;;;;;;;;;;;;;;;;
Portugalia;;;;;;;;;;;;;;;16%;4%;67%;13%;
Uzbekistan;;;;;;;;;;;;;;;30%;4%;60%;6%;
Maroko;;;;;;;;;;;;;;;31%;6%;56%;7%;
Francja;;;;;;;;;;;;;;;23%;3%;64%;10%;
Kenia;;;;;;;;;;;;;;;12%;3%;77%;8%;
Zjednoczone Emiraty Arabskie;;;;;;;;;;;;;;;14%;1%;68%;17%;
Nowa Zelandia;;;;;;;;;;;;;;;7%;1%;79%;13%;
Łotwa;;;;;;;;;;;;;;;;;;;
Rwanda;;;;;;;;;;;;;;;;;;;
Litwa;;;;;;;;;;;;;;;15%;3%;71%;11%;
Węgry;;;;;;;;;;;;;;;18%;4%;55%;23%;
Kazachstan;;;;;;;;;;;;;;;41%;3%;48%;8%;
Polska;;;;;;;;;;;;;;;16%;2%;71%;11%;
Zimbabwe;;;;;;;;;;;;;;;;;;;
Japonia;;;;;;;;;;;;;;;24%;6%;67%;3%;
Gruzja;;;;;;;;;;;;;;;;;;;
Togo;;;;;;;;;;;;;;;;;;;
Serbia;;;;;;;;;;;;;;;22%;6%;60%;12%;
Malta;;;;;;;;;;;;;;;;;;;
Dżibuti;;;;;;;;;;;;;;;;;;;
Wyspy Owcze;;;;;;;;;;;;;;;;;;;
Wietnam;;;;;;;;;;;;;;;18%;4%;70%;8%;
Benin;;;;;;;;;;;;;;;;;;;
Lesotho;;;;;;;;;;;;;;;;;;;
Andora;;;;;;;;;;;;;;;;;;;
Kirgistan;;;;;;;;;;;;;;;;;;;
Słowacja;;;;;;;;;;;;;;;20%;4%;58%;18%;
Wyspy Alandzkie;;;;;;;;;;;;;;;;;;;
Ukraina;;;;;;;;;;;;;;;35%;5%;51%;9%;
Rumunia;;;;;;;;;;;;;;;17%;5%;67%;11%;
Kostaryka;;;;;;;;;;;;;;;;;;;
Ghana;;;;;;;;;;;;;;;;;;;
Gibraltar;;;;;;;;;;;;;;;;;;;
Białoruś;;;;;;;;;;;;;;;38%;5%;46%;11%;
Mongolia;;;;;;;;;;;;;;;;;;;
Azerbejdżan;;;;;;;;;;;;;;;;;;;
Bułgaria;;;;;;;;;;;;;;;21%;6%;62%;11%;
Bermudy;;;;;;;;;;;;;;;;;;;
Chile;;;;;;;;;;;;;;;18%;3%;61%;18%;
Chorwacja;;;;;;;;;;;;;;;17%;3%;62%;18%;
Hiszpania;;;;;;;;;;;;;;;19%;4%;62%;15%;
Grecja;;;;;;;;;;;;;;;17%;3%;66%;14%;
Mjanma (Birma);;;;;;;;;;;;;;;;;;;
Sahara Zachodnia;;;;;;;;;;;;;;;;;;;
Bangladesz;;;;;;;;;;;;;;;19%;5%;64%;12%;
Jordania;;;;;;;;;;;;;;;;;;;
Kolumbia;;;;;;;;;;;;;;;23%;5%;53%;19%;
Liban;;;;;;;;;;;;;;;;;;;
Burundi;;;;;;;;;;;;;;;;;;;
Katar;;;;;;;;;;;;;;;;;;;
Bahrajn;;;;;;;;;;;;;;;;;;;
Barbados;;;;;;;;;;;;;;;;;;;
Republika Zielonego Przylądka;;;;;;;;;;;;;;;;;;;
Macedonia Północna;;;;;;;;;;;;;;;;;;;
Egipt;;;;;;;;;;;;;;;25%;5%;60%;10%;
Malawi;;;;;;;;;;;;;;;;;;;
Republika Południowej Afryki;;;;;;;;;;;;;;;8%;2%;77%;13%;
Kamerun;;;;;;;;;;;;;;;;;;;
Mauritius;;;;;;;;;;;;;;;;;;;
Nigeria;;;;;;;;;;;;;;;9%;3%;80%;8%;
Guernsey;;;;;;;;;;;;;;;;;;;
Brazylia;;;;;;;;;;;;;;;15%;3%;72%;10%;
Vanuatu;;;;;;;;;;;;;;;;;;;
Mołdawia;;;;;;;;;;;;;;;;;;;
Kosowo;;;;;;;;;;;;;;;;;;;
Malezja;;;;;;;;;;;;;;;9%;2%;78%;11%;
Gujana Francuska;;;;;;;;;;;;;;;;;;;
Albania;;;;;;;;;;;;;;;;;;;
Kambodża;;;;;;;;;;;;;;;;;;;
Somalia;;;;;;;;;;;;;;;;;;;
Tajlandia;;;;;;;;;;;;;;;13%;3%;72%;12%;
Filipiny;;;;;;;;;;;;;;;6%;2%;79%;13%;
Czarnogóra;;;;;;;;;;;;;;;;;;;
Nowa Kaledonia;;;;;;;;;;;;;;;;;;;
Urugwaj;;;;;;;;;;;;;;;;;;;
Botswana;;;;;;;;;;;;;;;;;;;
Dominika;;;;;;;;;;;;;;;;;;;
Włochy;;;;;;;;;;;;;;;17%;4%;66%;13%;
Belize;;;;;;;;;;;;;;;;;;;
Wyspa Man;;;;;;;;;;;;;;;;;;;
Peru;;;;;;;;;;;;;;;12%;2%;77%;9%;
Senegal;;;;;;;;;;;;;;;;;;;
Côte d’Ivoire;;;;;;;;;;;;;;;;;;;
Ekwador;;;;;;;;;;;;;;;19%;3%;61%;17%;
Trynidad i Tobago;;;;;;;;;;;;;;;;;;;
Palestyna;;;;;;;;;;;;;;;;;;;
Argentyna;;;;;;;;;;;;;;;19%;5%;60%;16%;
Kajmany;;;;;;;;;;;;;;;;;;;
Boliwia;;;;;;;;;;;;;;;;;;;
Oman;;;;;;;;;;;;;;;;;;;
Burkina Faso;;;;;;;;;;;;;;;;;;;
Eswatini;;;;;;;;;;;;;;;;;;;
Kongo;;;;;;;;;;;;;;;;;;;
Jamajka;;;;;;;;;;;;;;;;;;;
San Marino;;;;;;;;;;;;;;;;;;;
Sierra Leone;;;;;;;;;;;;;;;;;;;
Polinezja Francuska;;;;;;;;;;;;;;;;;;;
Laos;;;;;;;;;;;;;;;;;;;
Mauretania;;;;;;;;;;;;;;;;;;;
Jersey;;;;;;;;;;;;;;;;;;;
Malediwy;;;;;;;;;;;;;;;;;;;
Reunion;;;;;;;;;;;;;;;;;;;
Uganda;;;;;;;;;;;;;;;;;;;
Saint Lucia;;;;;;;;;;;;;;;;;;;
Gwadelupa;;;;;;;;;;;;;;;;;;;
Niger;;;;;;;;;;;;;;;;;;;
Martynika;;;;;;;;;;;;;;;;;;;
Gabon;;;;;;;;;;;;;;;;;;;
Meksyk;;;;;;;;;;;;;;;14%;4%;61%;21%;
Kuba;;;;;;;;;;;;;;;;;;;
Algieria;;;;;;;;;;;;;;;24%;4%;54%;18%;
Brunei;;;;;;;;;;;;;;;;;;;
Sudan Południowy;;;;;;;;;;;;;;;;;;;
Bośnia i Hercegowina;;;;;;;;;;;;;;;;;;;
Bahamy;;;;;;;;;;;;;;;;;;;
Arabia Saudyjska;;;;;;;;;;;;;;;18%;2%;64%;16%;
Zambia;;;;;;;;;;;;;;;;;;;
Saint-Barthélemy;;;;;;;;;;;;;;;;;;;
Majotta;;;;;;;;;;;;;;;;;;;
Kuwejt;;;;;;;;;;;;;;;;;;;
Gambia;;;;;;;;;;;;;;;;;;;
Salwador;;;;;;;;;;;;;;;;;;;
Namibia;;;;;;;;;;;;;;;;;;;
Wenezuela;;;;;;;;;;;;;;;17%;5%;63%;15%;
Liberia;;;;;;;;;;;;;;;;;;;
Angola;;;;;;;;;;;;;;;;;;;
Gwatemala;;;;;;;;;;;;;;;;;;;
Indonezja;;;;;;;;;;;;;;;7%;2%;81%;10%;
Dominikana;;;;;;;;;;;;;;;;;;;
Gujana;;;;;;;;;;;;;;;;;;;
Turcja;;;;;;;;;;;;;;;16%;2%;69%;13%;
Turks i Caicos;;;;;;;;;;;;;;;;;;;
Jemen;;;;;;;;;;;;;;;;;;;
Panama;;;;;;;;;;;;;;;;;;;
Antigua i Barbuda;;;;;;;;;;;;;;;;;;;
Guam;;;;;;;;;;;;;;;;;;;
Tadżykistan;;;;;;;;;;;;;;;;;;;
Turkmenistan;;;;;;;;;;;;;;;;;;;
Papua-Nowa Gwinea;;;;;;;;;;;;;;;;;;;
Wyspy Świętego Tomasza i Książęca;;;;;;;;;;;;;;;;;;;
Grenada;;;;;;;;;;;;;;;;;;;
Paragwaj;;;;;;;;;;;;;;;;;;;
Afganistan;;;;;;;;;;;;;;;;;;;
Portoryko;;;;;;;;;;;;;;;;;;;
Iran;;;;;;;;;;;;;;;30%;4%;58%;8%;
Komory;;;;;;;;;;;;;;;;;;;
Aruba;;;;;;;;;;;;;;;;;;;
Wyspy Dziewicze Stanów Zjednoczonych;;;;;;;;;;;;;;;;;;;
Irak;;;;;;;;;;;;;;;;;;;
Saint Kitts i Nevis;;;;;;;;;;;;;;;;;;;
Niderlandy Karaibskie;;;;;;;;;;;;;;;;;;;
Nikaragua;;;;;;;;;;;;;;;;;;;
Brytyjskie Wyspy Dziewicze;;;;;;;;;;;;;;;;;;;
Tanzania;;;;;;;;;;;;;;;;;;;
Gwinea;;;;;;;;;;;;;;;;;;;
Seszele;;;;;;;;;;;;;;;;;;;
Gwinea Równikowa;;;;;;;;;;;;;;;;;;;
Curaçao;;;;;;;;;;;;;;;;;;;
Mali;;;;;;;;;;;;;;;;;;;
Mariany Północne;;;;;;;;;;;;;;;;;;;
Timor Wschodni;;;;;;;;;;;;;;;;;;;
Honduras;;;;;;;;;;;;;;;;;;;
Tonga;;;;;;;;;;;;;;;;;;;
Saint Vincent i Grenadyny;;;;;;;;;;;;;;;;;;;
Fidżi;;;;;;;;;;;;;;;;;;;
Czad;;;;;;;;;;;;;;;;;;;
Demokratyczna Republika Konga;;;;;;;;;;;;;;;;;;;
Grenlandia;;;;;;;;;;;;;;;;;;;
Surinam;;;;;;;;;;;;;;;;;;;
Mozambik;;;;;;;;;;;;;;;;;;;
Sint Maarten;;;;;;;;;;;;;;;;;;;
Haiti;;;;;;;;;;;;;;;;;;;
Republika Środkowoafrykańska;;;;;;;;;;;;;;;;;;;
Libia;;;;;;;;;;;;;;;;;;;
Sudan;;;;;;;;;;;;;;;;;;;
Syria;;;;;;;;;;;;;;;;;;;
Wyspy Salomona;;;;;;;;;;;;;;;;;;;
Gwinea Bissau;;;;;;;;;;;;;;;;;;;
Samoa;;;;;;;;;;;;;;;;;;;
Samoa Amerykańskie;;;;;;;;;;;;;;;;;;;
Monako;;;;;;;;;;;;;;;;;;;
Mikronezja;;;;;;;;;;;;;;;;;;;
Tokelau;;;;;;;;;;;;;;;;;;;
Wyspy Cooka;;;;;;;;;;;;;;;;;;;
Wyspy Kokosowe;;;;;;;;;;;;;;;;;;;
Nauru;;;;;;;;;;;;;;;;;;;
Tuvalu;;;;;;;;;;;;;;;;;;;
Saint-Martin;;;;;;;;;;;;;;;;;;;
Wyspa Bożego Narodzenia;;;;;;;;;;;;;;;;;;;
Wyspa Bouveta;;;;;;;;;;;;;;;;;;;
Niue;;;;;;;;;;;;;;;;;;;
Dalekie Wyspy Mniejsze Stanów Zjednoczonych;;;;;;;;;;;;;;;;;;;
Pitcairn;;;;;;;;;;;;;;;;;;;
Falklandy (Malwiny);;;;;;;;;;;;;;;;;;;
Francuskie Terytoria Południowe i Antarktyczne;;;;;;;;;;;;;;;;;;;
Watykan;;;;;;;;;;;;;;;;;;;
Saint-Pierre i Miquelon;;;;;;;;;;;;;;;;;;;
Palau;;;;;;;;;;;;;;;;;;;
Kiribati;;;;;;;;;;;;;;;;;;;
Korea Północna;;;;;;;;;;;;;;;;;;;
Antarktyda;;;;;;;;;;;;;;;;;;;
Georgia Południowa i Sandwich Południowy;;;;;;;;;;;;;;;;;;;
Wallis i Futuna;;;;;;;;;;;;;;;;;;;
Brytyjskie Terytorium Oceanu Indyjskiego;;;;;;;;;;;;;;;;;;;
Anguilla;;;;;;;;;;;;;;;;;;;
Norfolk;;;;;;;;;;;;;;;;;;;
Wyspy Heard i McDonalda;;;;;;;;;;;;;;;;;;;
Montserrat;;;;;;;;;;;;;;;;;;;
Wyspy Marshalla;;;;;;;;;;;;;;;;;;;
